index,dE_c,dE_o,dE_n,dE_h,d_band_center,d_band_filling,d_band_width,d_band_upperedge
Rh-2@Fe,-7.22908483,-5.22897974,-5.40594842,-2.74853115,-1.444498796,0.753032231,4.582287274,0.1112
Rh-2@Co,-7.2342436,-5.22382988,-5.41594348,-2.75041069,-1.489217388,0.771759925,4.54639798,1.2044
Rh-2@Ni,-7.42694934,-5.41551695,-5.5592307,-2.80070115,-1.452725938,0.73900689,4.360704176,0.883
Rh-2@Cu,-7.76778703,-5.75055954,-5.88348565,-2.91273908,-1.291201472,0.716669931,4.145908699,0.3978
Rh-2@Ru,-7.17014699,-5.222591,-5.32526136,-2.69785143,-1.718408986,0.76567994,4.690974872,1.2662
Rh-2@Rh,-7.40432225,-5.43433082,-5.50127642,-2.79581008,-1.559886894,0.747842775,4.464078134,0.8697
Rh-2@Pd,-7.7275674,-5.69331625,-5.8262579,-2.8739269,-1.375694555,0.716428126,4.163536211,0.6013
Rh-2@Ag,-8.03351505,-5.93541435,-6.09553779,-2.96792739,-1.197940265,0.722830101,3.809513516,0.4498
Rh-2@Ir,-7.35545841,-5.38934189,-5.42718304,-2.79413588,-1.690667252,0.751804201,4.634332753,1.2052
Rh-2@Pt,-7.64249558,-5.6437368,-5.73830791,-2.86025745,-1.448389428,0.766218014,4.398233678,0.5936
Rh-2@Au,-8.03252827,-5.9264791,-6.10802642,-2.96112729,-1.250281408,0.749316216,3.966663342,0.349
Rh-1@Fe,-7.33308878,-5.24613621,-5.49056359,-2.77093733,-1.400926594,0.740062663,4.357489195,0.2674
Rh-1@Co,-7.34123347,-5.24089681,-5.49375874,-2.77255972,-1.442601541,0.770532346,4.323710245,1.1879
Rh-1@Ni,-7.54777442,-5.44683817,-5.6529953,-2.82463801,-1.402319949,0.757746411,4.176678584,0.7642
Rh-1@Cu,-7.92327894,-5.81807449,-5.99684042,-2.94978308,-1.240326697,0.754649361,3.920691296,0.3467
Rh-1@Ru,-7.24936953,-5.2335474,-5.38915601,-2.71189569,-1.670712117,0.771508726,4.439340418,1.3025
Rh-1@Rh,-7.50273143,-5.46697435,-5.57674679,-2.81501238,-1.514777136,0.755940245,4.272466423,0.9123
Rh-1@Pd,-7.84932211,-5.74698786,-5.91320957,-2.90369702,-1.322950148,0.728139095,3.958896149,0.6525
Rh-1@Ag,-8.19197271,-6.01570385,-6.21493524,-3.00387703,-1.136697403,0.709864768,3.663331625,0.4142
Rh-1@Ir,-7.43549521,-5.41737801,-5.48905494,-2.81034921,-1.646469137,0.755156962,4.421010471,1.026
Rh-1@Pt,-7.73771811,-5.687161,-5.80040981,-2.88618863,-1.410911669,0.735370075,4.238386358,0.6561
Rh-1@Au,-8.14497455,-5.99400522,-6.20324397,-2.99684435,-1.198827991,0.741148987,3.773880308,0.3287
Rh@Fe,-7.42478815,-5.25762901,-5.36913206,-2.78629368,-1.361840327,0.770021789,4.156404878,0.1987
Rh@Co,-7.44722318,-5.26062343,-5.56900263,-2.79526901,-1.405822386,0.75736076,4.104313338,1.0957
Rh@Ni,-7.67087331,-5.47774249,-5.74644098,-2.84763785,-1.357160604,0.730030752,4.007851021,0.8334
Rh@Cu,-8.07210541,-5.88256024,-6.10697864,-2.98181626,-1.187697785,0.740111916,3.770834807,0.4909
Rh@Ru,-7.33391617,-5.24253166,-5.45679481,-2.72568543,-1.625247986,0.77717728,4.230644184,1.1478
Rh@Rh,-7.60087221,-5.49911875,-5.65738847,-2.83249762,-1.46950495,0.753038505,4.068756068,0.8964
Rh@Pd,-7.96970051,-5.80073308,-6.00585783,-2.93347929,-1.285066987,0.742558262,3.728249426,0.5096
Rh@Ag,-8.35162237,-6.09664587,-6.33679223,-3.03695589,-1.087425189,0.754907597,3.461133467,0.3719
Rh@Ir,-7.51692302,-5.44270134,-5.55464594,-2.82394385,-1.604599145,0.752330656,4.218961843,1.0077
Rh@Pt,-7.8325456,-5.72813533,-5.86660196,-2.9116374,-1.374068011,0.750590461,4.024591042,0.7202
Rh@Au,-8.26532289,-6.05186064,-6.29377687,-3.02589407,-1.151162296,0.720056166,3.654528934,0.4565
Rh+1@Fe,-7.50324571,-5.26175248,-5.62185547,-2.79689512,-1.318793233,0.747706596,4.018093431,0.0653
Rh+1@Co,-7.55389485,-5.2840931,-5.23209543,-2.81576234,-1.361258912,0.764166029,3.921154577,1.1291
Rh+1@Ni,-7.79555342,-5.5109799,-5.84719246,-2.87231565,-1.314832751,0.763957095,3.808619825,0.7871
Rh+1@Cu,-8.22060035,-5.94376843,-6.21974162,-3.01110615,-1.143196709,0.725816561,3.574936124,0.4422
Rh+1@Ru,-7.42684651,-5.25214291,-5.53217436,-2.73899675,-1.590007071,0.760014529,4.021330335,1.2112
Rh+1@Rh,-7.69692043,-5.52451569,-5.73527403,-2.84753302,-1.421251282,0.742880929,3.938677341,0.845
Rh+1@Pd,-8.08582563,-5.84676326,-6.09683521,-2.95342399,-1.244824156,0.756661743,3.571750961,0.5627
Rh+1@Ag,-8.51254624,-6.17096816,-6.46727231,-3.07045841,-1.03650566,0.716488075,3.303171844,0.4451
Rh+1@Ir,-7.59734252,-5.46171545,-5.61886041,-2.83418749,-1.569805092,0.748248183,4.056488371,0.9764
Rh+1@Pt,-7.91599012,-5.75464882,-5.9248071,-2.92653668,-1.34612097,0.722750183,3.895387419,0.788
Rh+1@Au,-8.39089084,-6.11180808,-6.38762303,-3.05430295,-1.11378403,0.74256459,3.457805131,0.3323
Rh+2@Fe,-7.57500817,-5.26120767,-5.49102487,-2.80231084,-1.299740805,0.773909663,3.857987342,0.2057
Rh+2@Co,-7.66283573,-5.31183911,-5.34516919,-2.83433005,-1.323818562,0.754064034,3.809542077,1.0627
Rh+2@Ni,-8.25474135,-5.88604843,-6.27690675,-3.22456773,-1.28762663,0.730526023,3.637268132,0.6587
Rh+2@Cu,-8.36179559,-6.00270649,-6.32569211,-3.03901002,-1.103440234,0.764766317,3.396756154,0.3874
Rh+2@Ru,-7.52407826,-5.26462376,-5.61494385,-2.75393577,-1.55171866,0.767611556,3.847221761,1.26
Rh+2@Rh,-7.79333461,-5.55282621,-5.81565465,-2.86111144,-1.390088627,0.732814411,3.771796408,0.7908
Rh+2@Pd,-8.199053,-5.8929126,-6.19040717,-2.97181918,-1.210567496,0.721124661,3.450844561,0.6183
Rh+2@Ag,-8.66960242,-6.24576802,-6.60608273,-3.10220191,-0.98898286,0.738740182,3.160442871,0.3256
Rh+2@Ir,-7.68023322,-5.48045446,-5.68707536,-2.8456505,-1.530135571,0.752022459,3.879075473,0.9978
Rh+2@Pt,-7.99781008,-5.78126791,-5.98560848,-2.94108757,-1.308770575,0.7403743,3.756325359,0.6626
Rh+2@Au,-8.5105091,-6.16808804,-6.48521291,-3.08159049,-1.067053301,0.726196165,3.367701245,0.4805
Pd-2@Fe,-5.77707699,-3.93084883,-3.50062727,-2.43597475,-2.021792571,0.889845328,3.259021139,-0.7648
Pd-2@Co,-6.06234928,-4.07219384,-3.75357678,-2.49258308,-2.044404299,0.897873503,3.197626241,-0.8138
Pd-2@Ni,-6.42451367,-4.27762888,-4.15879366,-2.62107575,-1.877800333,0.891220175,3.094871962,0.3066
Pd-2@Cu,-6.57513395,-4.35281124,-4.34650661,-2.75273273,-1.671920677,0.902735835,2.964685007,-0.266
Pd-2@Ru,-6.3839877,-4.39588207,-4.04465734,-2.56648362,-2.080476192,0.874106279,3.144278573,0.7637
Pd-2@Rh,-6.65337151,-4.53369094,-4.44507584,-2.68111294,-1.833240161,0.876537771,3.096415994,0.3545
Pd-2@Pd,-6.93253122,-4.62504868,-4.73300622,-2.80110829,-1.647829319,0.892782958,2.866832585,0.1298
Pd-2@Ag,-6.71200742,-4.43853289,-4.52892766,-2.82270988,-1.52808474,0.90056581,2.764778037,-0.2979
Pd-2@Os,-6.33755205,-4.4749801,-3.98614308,-2.61619416,-2.184855115,0.869336463,3.444016202,0.0025
Pd-2@Ir,-6.56655319,-4.57082989,-4.35605002,-2.68556486,-2.076756894,0.895240785,3.113905374,0.4384
Pd-2@Pt,-6.88983493,-4.64581275,-4.70334021,-2.78017516,-1.743637832,0.894437924,3.05333979,0.2603
Pd-2@Au,-6.87581106,-4.54217634,-4.6603547,-2.85678232,-1.549572567,0.896546933,2.872462723,-0.2236
Pd-1@Fe,-5.84830049,-3.95324171,-3.52418625,-2.45251823,-1.977503606,0.881016802,3.153875248,-0.6508
Pd-1@Co,-6.14147497,-4.10435823,-3.79179046,-2.51334282,-1.991841318,0.89786993,3.061659598,-0.8065
Pd-1@Ni,-6.51242792,-4.31452432,-4.20699355,-2.63923726,-1.83450037,0.898405121,2.95931575,0.2892
Pd-1@Cu,-6.69940224,-4.4235908,-4.42995313,-2.78541189,-1.615873585,0.902824533,2.830201267,-0.2661
Pd-1@Ru,-6.44007377,-4.4311595,-4.07793591,-2.57917741,-2.03608513,0.869787154,3.000259316,0.7257
Pd-1@Rh,-6.72905098,-4.58182304,-4.50254435,-2.69207961,-1.782064708,0.86732082,3.009161631,0.3029
Pd-1@Pd,-7.04308794,-4.6877178,-4.81449147,-2.82489365,-1.601209936,0.892344477,2.731866386,0.1743
Pd-1@Ag,-6.83775571,-4.52518462,-4.62520512,-2.8583589,-1.474527776,0.901650009,2.613996647,-0.293
Pd-1@Os,-6.36831813,-4.49533357,-3.99593101,-2.61105895,-2.149408002,0.888930368,3.307304228,-0.0308
Pd-1@Ir,-6.62778088,-4.6165244,-4.40072172,-2.69927193,-2.026665863,0.89759935,2.965502949,0.4412
Pd-1@Pt,-6.98722534,-4.70479313,-4.77989599,-2.80191148,-1.697350115,0.892356932,2.924334873,0.2432
Pd-1@Au,-6.97916335,-4.60715141,-4.73621527,-2.8794402,-1.4905947,0.897289646,2.728044092,-0.215
Pd@Fe,-5.90528939,-3.97361856,-3.54325998,-2.4679231,-1.938736402,0.889611005,3.067461396,-0.7771
Pd@Co,-6.21294583,-4.1358436,-3.82895559,-2.53665038,-1.941581107,0.897424965,2.942910725,-0.8045
Pd@Ni,-6.59655116,-4.35394506,-4.2515848,-2.66736447,-1.785793608,0.894761118,2.837298421,0.2524
Pd@Cu,-6.82409316,-4.49411842,-4.51143578,-2.81645415,-1.562348021,0.904284837,2.711590674,-0.2035
Pd@Ru,-6.48168623,-4.46106302,-4.09958901,-2.581497,-2.005061228,0.889555177,2.880410818,0.6947
Pd@Rh,-6.80484695,-4.63005608,-4.55953353,-2.70682119,-1.748161984,0.881314883,2.863307345,0.3812
Pd@Pd,-7.15365142,-4.74950169,-4.89638525,-2.84857394,-1.561036869,0.893338061,2.614261785,0.173
Pd@Ag,-6.96565238,-4.60964117,-4.71653979,-2.89254852,-1.41898962,0.901600966,2.487337105,-0.2902
Pd@Os,-6.39846497,-4.51734509,-4.01213514,-2.6086312,-2.1094868,0.881440289,3.170230234,0.0845
Pd@Ir,-6.67300987,-4.65093253,-4.43689212,-2.70344231,-1.992982927,0.901924167,2.842251885,0.4556
Pd@Pt,-7.07925131,-4.75956622,-4.8492066,-2.82097571,-1.659469007,0.890177697,2.820521293,0.2312
Pd@Au,-7.08438126,-4.66994945,-4.80739927,-2.9020379,-1.448547271,0.896567116,2.630680638,-0.2182
Pd+1@Fe,-5.96789868,-3.99071956,-3.56617905,-2.48025739,-1.92527041,0.895361621,2.912442324,-0.7252
Pd+1@Co,-6.29573828,-4.17945192,-3.87564689,-2.56161894,-1.902376918,0.898580624,2.831232994,-0.7955
Pd+1@Ni,-6.67940068,-3.75062002,-4.29234707,-2.68188077,-1.74145841,0.89758062,2.731477805,0.2632
Pd+1@Cu,-6.94230629,-4.55920947,-4.58699792,-2.84529214,-1.514971025,0.899996903,2.608755622,-0.1384
Pd+1@Ru,-6.52779984,-4.49388938,-4.12788437,-2.59116651,-1.966180514,0.879748578,2.753742239,0.785
Pd+1@Rh,-6.87478627,-4.67556858,-4.60970769,-2.72188229,-1.705547176,0.8620534,2.767997467,0.4626
Pd+1@Pd,-7.26252826,-4.80921459,-4.97353321,-2.86849874,-1.52070525,0.894046264,2.505228387,0.1744
Pd+1@Ag,-7.09854053,-4.69028836,-4.80412935,-2.92570427,-1.372320846,0.900751526,2.374518645,-0.2991
Pd+1@Os,-6.42446669,-4.53851658,-4.02318596,-2.61138585,-2.089983414,0.888022657,3.063517171,-0.0592
Pd+1@Ir,-6.71724508,-4.68812713,-4.47169986,-2.7103284,-1.967366521,0.900752829,2.735790671,0.4333
Pd+1@Pt,-7.16311186,-4.80765541,-4.90940714,-2.83836298,-1.626730021,0.887314671,2.721810974,0.2139
Pd+1@Au,-7.18934085,-4.73026816,-4.87551582,-2.92508962,-1.401969796,0.90253968,2.554993705,-0.227
Pd+2@Fe,-6.03294318,-4.00676343,-3.58210041,-2.48962391,-1.893040911,0.882908198,2.828875182,-0.6694
Pd+2@Co,-6.383048,-4.24203262,-3.95412913,-2.57535201,-1.863726992,0.899338515,2.74488602,-0.784
Pd+2@Ni,-6.76420838,-3.74173946,-4.33484588,-2.70742804,-1.700534004,0.898769819,2.633240376,0.204
Pd+2@Cu,-7.06362298,-4.62048767,-4.65899207,-2.87378314,-1.466100245,0.901330377,2.517684956,-0.0789
Pd+2@Ru,-6.57829596,-4.53515444,-4.16824827,-2.60488382,-1.926781177,0.890257302,2.63650875,0.684
Pd+2@Rh,-6.93093883,-4.70934001,-4.64607246,-2.72733959,-1.66975443,0.877600501,2.70023021,0.3559
Pd+2@Pd,-7.36503126,-4.85759591,-5.04179519,-2.88420655,-1.488026249,0.893918754,2.401283589,0.1691
Pd+2@Ag,-7.22862235,-4.76220167,-4.883691,-2.95396236,-1.319902634,0.90206976,2.247385881,-0.2871
Pd+2@Os,-6.45364636,-4.56770378,-4.04019662,-2.614039,-2.052975893,0.880586011,2.9577221,-0.1296
Pd+2@Ir,-6.75023934,-4.72383912,-4.49242027,-2.70928874,-1.931277922,0.899447607,2.645263556,0.4626
Pd+2@Pt,-7.23627803,-4.8546432,-4.96341819,-2.85256706,-1.596389233,0.896877265,2.612180696,0.2006
Pd+2@Au,-7.29166246,-4.78507667,-4.94004964,-2.94527638,-1.360827148,0.903851257,2.474889881,-0.2166
Ir-2@Ni,-7.40945811,-5.19505877,-5.30030521,-2.59404736,-1.800063796,0.749338813,6.484345017,0.6792
Ir-2@Cu,-7.575253,-5.41116999,-5.56697559,-2.55881996,-1.848962197,0.791762328,5.034288279,0.5939
Ir-2@Rh,-7.30779707,-5.12685072,-5.23853211,-2.68445899,-2.105769928,0.764256714,5.263083835,0.9864
Ir-2@Pd,-7.67348769,-5.40281003,-5.63430624,-2.84038225,-2.014702859,0.796725356,4.693140892,0.5611
Ir-2@Ag,-7.99858729,-5.65992172,-5.87520877,-2.81661721,-1.707221241,0.782425893,4.68996199,0.5723
Ir-2@Os,-7.13778763,-4.97634955,-4.86459184,-2.66808137,-2.357402902,0.787014583,5.936194572,1.9445
Ir-2@Ir,-7.24137248,-5.08912113,-5.15242666,-2.75245755,-2.373383935,0.806697264,5.383293793,1.0489
Ir-2@Pt,-7.54593882,-5.32656255,-5.57585031,-2.85151069,-2.122746186,0.795793945,5.008940281,0.5855
Ir-2@Au,-8.2516147,-5.6604376,-5.92740012,-2.93957421,-1.771926627,0.780420609,4.849654319,0.5625
Ir-1@Ni,-7.55747964,-5.2263599,-5.30670263,-2.5622255,-1.733629092,0.748545119,6.153284884,0.6556
Ir-1@Cu,-7.76879985,-5.50074906,-5.66153116,-2.56160155,-1.782430817,0.786017436,4.701453997,0.5479
Ir-1@Rh,-7.46073709,-5.1831044,-5.30446803,-2.68932596,-2.041033975,0.775220382,4.947901696,1.0577
Ir-1@Pd,-7.8247011,-5.4803743,-5.71146522,-2.8179054,-1.94883634,0.795452645,4.406680366,0.5398
Ir-1@Ag,-8.17831005,-5.76020644,-5.98231201,-2.79777922,-1.632972509,0.783599944,4.400075252,0.5672
Ir-1@Os,-7.23402765,-4.98427041,-4.87902524,-2.67147415,-2.304792877,0.78188005,5.63243325,1.8883
Ir-1@Ir,-7.36477817,-5.13270772,-5.19464917,-2.75702986,-2.310178464,0.807164055,5.090502482,0.9758
Ir-1@Pt,-7.65118795,-5.38460035,-5.62307976,-2.82688932,-2.065159368,0.793904335,4.819836765,0.575
Ir-1@Au,-8.14551932,-5.72593369,-5.99837692,-2.8991925,-1.70158857,0.774291954,4.613625065,0.5299
Ir@Ni,-7.74358865,-5.29882669,-5.44380325,-2.57045647,-1.670455304,0.757777647,5.842223563,0.6897
Ir@Cu,-7.96787336,-5.5917063,-5.75775175,-2.56878772,-1.720789515,0.79089692,4.424015173,0.5109
Ir@Rh,-7.61506184,-5.23976873,-5.38887907,-2.69537913,-1.979240701,0.757896814,4.672381274,1.1302
Ir@Pd,-7.99026014,-5.55971698,-5.81018515,-2.80316187,-1.889603523,0.790760317,4.18265257,0.5087
Ir@Ag,-8.39134131,-5.87009565,-6.09940446,-2.78980464,-1.573082988,0.785562369,4.112974759,0.5076
Ir@Os,-7.3447729,-4.99463918,-4.90559688,-2.6790719,-2.244731317,0.776128189,5.314254844,1.8246
Ir@Ir,-7.49420007,-5.1707256,-5.24877791,-2.7657268,-2.246148578,0.807773019,4.835445626,0.9622
Ir@Pt,-7.77808292,-5.44465478,-5.67397293,-2.81714557,-2.019165119,0.799606035,4.568010813,0.5856
Ir@Au,-8.27915475,-5.80376045,-6.07972752,-2.87692266,-1.655668008,0.783664431,4.339865912,0.4972
Ir+1@Ni,-7.9310088,-5.35542468,-5.6299517,-2.58174606,-1.613368173,0.754418571,5.546613852,0.7859
Ir+1@Cu,-8.17456862,-5.68694587,-5.90142216,-2.58041343,-1.665855173,0.785915539,4.152199355,0.4722
Ir+1@Rh,-7.76871084,-5.30550852,-5.54969173,-2.7022756,-1.926204652,0.774842693,4.411737067,1.0525
Ir+1@Pd,-8.16947557,-5.64881596,-6.01566936,-2.7973395,-1.846613335,0.790999788,3.903929078,0.5322
Ir+1@Ag,-8.6186945,-5.98231108,-6.41758293,-2.79001936,-1.513148692,0.777621396,3.857104356,0.4605
Ir+1@Os,-7.46503019,-5.00538679,-4.94758973,-2.6858237,-2.187808769,0.783320636,5.074466712,1.7071
Ir+1@Ir,-7.62593801,-5.21382823,-5.35650082,-2.77290853,-2.188734309,0.803578116,4.614687114,0.919
Ir+1@Pt,-7.9190333,-5.51160193,-5.76076272,-2.81525055,-1.960173113,0.794423225,4.342097871,0.7466
Ir+1@Au,-8.43590115,-5.88270175,-6.16137951,-2.86148954,-1.609639876,0.775948916,4.152657816,0.4546
Ir+2@Ni,-8.1402802,-5.48000346,-5.83721601,-2.60836807,-1.565817129,0.751357004,5.278814952,0.8209
Ir+2@Cu,-8.3927084,-5.78352326,-6.13769638,-2.59098868,-1.606252274,0.790582114,3.917770423,0.4377
Ir+2@Rh,-7.92135138,-5.39692811,-5.73119947,-2.70877692,-1.873376365,0.767938036,4.160980585,1.0046
Ir+2@Pd,-8.36204099,-5.75774556,-6.23351341,-2.79957006,-1.780075262,0.798296942,3.69725691,0.5094
Ir+2@Ag,-8.85784926,-6.0992857,-6.69200283,-2.78681343,-1.461064609,0.784781694,3.639392134,0.4303
Ir+2@Os,-7.59691599,-5.01941368,-5.07155867,-2.69286459,-2.140685059,0.788093648,4.803333,1.7323
Ir+2@Ir,-7.76060158,-5.28134961,-5.51128349,-2.7801875,-2.127975463,0.807572774,4.391999407,0.9314
Ir+2@Pt,-8.0564414,-5.58812715,-5.92785892,-2.81580512,-1.913378741,0.797719577,4.176477761,0.7534
Ir+2@Au,-8.61073026,-5.96740901,-6.44920711,-2.85409974,-1.562058027,0.777095397,3.944645155,0.4506
Pt-2@Fe,-5.77007543,-3.61766603,-3.58950845,-2.16517686,-2.296700012,0.862344436,4.985345918,-0.7028
Pt-2@Co,-5.98913835,-3.77805791,-3.81804931,-2.25310288,-2.324411747,0.862473053,5.010379777,-0.7188
Pt-2@Ni,-6.36220169,-4.00098909,-4.14986981,-2.35069057,-2.184223018,0.86267334,4.889964888,0.3848
Pt-2@Cu,-6.60735898,-4.13384241,-4.41631877,-2.37919728,-1.965574038,0.865424568,4.697113727,-0.1033
Pt-2@Mo,-5.56831386,-3.97532525,-3.48028783,-2.34778331,-2.85443419,0.876842496,4.456284097,-1.4764
Pt-2@Ru,-6.29211678,-4.10326876,-4.07130489,-2.54005368,-2.441837575,0.841832209,4.699188685,0.892
Pt-2@Rh,-6.69541793,-4.25658511,-4.42477596,-2.57456628,-2.167474097,0.843338889,4.819836834,0.5175
Pt-2@Pd,-7.08727126,-4.43340419,-4.77981663,-2.66360461,-1.959431875,0.860898289,4.452105224,0.218
Pt-2@Ag,-6.89013261,-4.26607289,-4.67791546,-2.49399821,-1.777659943,0.871065633,4.267866693,-0.12
Pt-2@W,-5.56104424,-4.07668721,-3.50808844,-2.41231781,-2.836861664,0.866650762,5.050276633,-1.4981
Pt-2@Re,-6.00805595,-4.18378767,-3.82090516,-2.58799514,-2.709122223,0.861946649,5.035064402,-1.44
Pt-2@Os,-6.29277272,-4.18007264,-4.04917759,-2.65628505,-2.53584905,0.86094143,5.039658876,1.1287
Pt-2@Ir,-6.65180177,-4.28240705,-4.36070278,-2.66973592,-2.424549784,0.867801775,4.620821691,0.6619
Pt-2@Pt,-7.09439272,-4.46790269,-4.77519756,-2.74205549,-2.06265409,0.862553275,4.611979998,0.221
Pt-2@Au,-7.08934784,-4.37878336,-4.81672752,-2.67923265,-1.797869112,0.86618768,4.408623536,-0.1418
Pt-1@Fe,-5.89954619,-3.68307785,-3.68283073,-2.17586771,-2.234568431,0.862336577,4.7906807,-0.7032
Pt-1@Co,-6.13858448,-3.85716492,-3.9162423,-2.25495749,-2.249334442,0.862339925,4.842510121,-0.8347
Pt-1@Ni,-6.51436866,-4.07970557,-4.23681478,-2.35373846,-2.112100327,0.860330207,4.687766783,0.4218
Pt-1@Cu,-6.80377445,-4.26104019,-4.53202405,-2.39419852,-1.892851446,0.864983283,4.448230829,-0.1068
Pt-1@Mo,-5.60916109,-3.98536453,-3.49127432,-2.33563115,-2.796233134,0.874547445,4.248778346,-1.5084
Pt-1@Ru,-6.41766349,-4.15668808,-4.17288577,-2.53939396,-2.381204954,0.859961438,4.432359884,0.8677
Pt-1@Rh,-6.84319075,-4.33262993,-4.5296853,-2.57756716,-2.113099576,0.839985783,4.551751155,0.4901
Pt-1@Pd,-7.261152,-4.52340339,-4.87480035,-2.66393153,-1.920309829,0.859608957,4.213257102,0.202
Pt-1@Ag,-7.12886574,-4.41290602,-4.80776268,-2.51110087,-1.712910602,0.868646717,4.001001104,-0.1501
Pt-1@W,-5.57482944,-4.08512229,-3.5102004,-2.39644353,-2.781356378,0.857055744,4.854222075,-1.6376
Pt-1@Re,-6.05456485,-4.21220474,-3.86436584,-2.5806714,-2.64188682,0.860608429,4.779917674,-1.455
Pt-1@Os,-6.38954276,-4.23626854,-4.13944006,-2.66147582,-2.471769679,0.849627393,4.783202801,1.0237
Pt-1@Ir,-6.76938435,-4.34733014,-4.45424446,-2.67164839,-2.376762449,0.864563449,4.393674972,0.6156
Pt-1@Pt,-7.23805201,-4.54962818,-4.86005705,-2.74338798,-2.015798205,0.860557341,4.384885021,0.2027
Pt-1@Au,-7.25820935,-4.49620347,-4.91412022,-2.68800951,-1.747860264,0.862658913,4.193808469,-0.1137
Pt@Fe,-6.07461983,-3.76150044,-3.78961413,-2.19057885,-2.166272287,0.8508081,4.653760509,-0.615
Pt@Co,-6.34444401,-3.94970502,-4.03557222,-2.25931911,-2.189290362,0.865752071,4.643871368,-0.8485
Pt@Ni,-6.71828738,-4.16876905,-4.35103597,-2.35864656,-2.048287501,0.860920409,4.525802103,0.4175
Pt@Cu,-7.05000863,-4.38887314,-4.65148114,-2.40934675,-1.832635646,0.867696256,4.209920277,-0.0307
Pt@Mo,-5.73722219,-3.99005052,-3.53111518,-2.31773852,-2.731518477,0.872933275,4.035483486,-1.5347
Pt@Ru,-6.5765828,-4.2135114,-4.29046404,-2.53332242,-2.324227901,0.850424826,4.200272947,0.7732
Pt@Rh,-7.01037398,-4.40764763,-4.65000453,-2.57747777,-2.061254885,0.836973211,4.319593713,0.4649
Pt@Pd,-7.45548141,-4.61975903,-4.98502217,-2.66721934,-1.870132666,0.860623128,3.960319143,0.2012
Pt@Ag,-7.39927104,-4.55917571,-4.93671464,-2.52957494,-1.638967195,0.865535152,3.84098053,-0.1683
Pt@W,-5.59578896,-4.09771292,-3.5143979,-2.38381506,-2.715661602,0.855092871,4.635724857,-1.6678
Pt@Re,-6.13887009,-4.24337797,-3.91897369,-2.57855308,-2.588369922,0.859091889,4.534116346,-1.4788
Pt@Os,-6.50242809,-4.28368533,-4.23676528,-2.65809035,-2.425465424,0.848276518,4.564530141,1.0011
Pt@Ir,-6.90433475,-4.4168153,-4.56403273,-2.67280894,-2.322615113,0.864539745,4.189516378,0.6015
Pt@Pt,-7.39188995,-4.62938197,-4.95244244,-2.74503478,-1.982120649,0.857694169,4.192376522,0.2367
Pt@Au,-7.45812929,-4.61124794,-5.01081406,-2.69728838,-1.700528122,0.868803318,3.998207356,-0.1811
Pt+1@Fe,-6.26451208,-3.85839311,-3.90710216,-2.19866427,-2.109477413,0.857790123,4.561770075,-0.745
Pt+1@Co,-6.56202794,-4.05984889,-4.16862341,-2.26371145,-2.118273567,0.863476962,4.470136075,-0.7981
Pt+1@Ni,-6.93402221,-4.27013002,-4.48463981,-2.35765557,-1.988967399,0.85859264,4.330995828,0.391
Pt+1@Cu,-7.30234598,-4.52034009,-4.78308529,-2.42462783,-1.778208962,0.865499099,3.979577601,0.002
Pt+1@Mo,-5.93708421,-3.99307356,-3.67737491,-2.30143209,-2.670914875,0.881575516,3.841550985,-2.0079
Pt+1@Ru,-6.75620305,-4.28224659,-4.42252969,-2.52722881,-2.26881412,0.857635042,3.991482893,0.8259
Pt+1@Rh,-7.19292435,-4.50101649,-4.78683629,-2.5863465,-2.008741887,0.829502463,4.115684334,0.6084
Pt+1@Pd,-7.65727526,-4.7198244,-5.12342143,-2.66643483,-1.826105251,0.858655086,3.741931783,0.2412
Pt+1@Ag,-7.66215497,-4.70401521,-5.06408376,-2.5472386,-1.580139294,0.872131957,3.637727818,-0.1686
Pt+1@W,-5.76490897,-4.09963666,-3.50957579,-2.37010069,-2.666309629,0.854595232,4.454718439,-1.6844
Pt+1@Re,-6.29277291,-4.26461572,-4.03066591,-2.57090419,-2.537223588,0.857895959,4.347460211,-1.3211
Pt+1@Os,-6.64547281,-4.33578186,-4.34456036,-2.65832977,-2.373965821,0.846837903,4.382306625,0.9849
Pt+1@Ir,-7.04637693,-4.49222813,-4.68107388,-2.67907257,-2.280122772,0.866637369,3.981718624,0.5437
Pt+1@Pt,-7.54502436,-4.7051656,-5.0554049,-2.74166033,-1.954597387,0.86688401,4.014362671,0.2191
Pt+1@Au,-7.66097209,-4.72660276,-5.10896624,-2.70566671,-1.653314528,0.86389918,3.795824266,-0.1632
Pt+2@Fe,-6.44845283,-3.96167606,-4.02640402,-2.20858964,-2.075973976,0.848682091,4.322764523,-0.8767
Pt+2@Co,-6.77913681,-4.18040908,-4.31045057,-2.26947245,-2.063952695,0.862799835,4.312602717,-0.8589
Pt+2@Ni,-7.1506424,-4.38336695,-4.63374787,-2.36356365,-1.926681332,0.862553947,4.17457286,0.3481
Pt+2@Cu,-7.54021217,-4.64881423,-4.92938236,-2.43781769,-1.719193872,0.868457458,3.798033783,0.0215
Pt+2@Mo,-6.14788317,-3.99104127,-3.82953874,-2.28683855,-2.618053735,0.878298172,3.665744905,-2.0553
Pt+2@Ru,-6.94006988,-4.37253006,-4.5543584,-2.52119,-2.212627878,0.848174043,3.803838488,0.9229
Pt+2@Rh,-7.3516308,-4.58546337,-4.90607848,-2.57166561,-1.976807581,0.838946992,3.932675643,0.4696
Pt+2@Pd,-7.85216408,-4.83292894,-5.27758775,-2.66978215,-1.785244111,0.858975641,3.547357605,0.2307
Pt+2@Ag,-7.9095139,-4.84597732,-5.19807518,-2.56572746,-1.526223003,0.873049974,3.444499806,-0.1633
Pt+2@W,-5.96193685,-4.10199959,-3.65973108,-2.35744382,-2.622101305,0.853883497,4.295534226,-1.9901
Pt+2@Re,-6.45885938,-4.28406297,-4.15953319,-2.5604118,-2.489049342,0.857122444,4.168361473,-1.3327
Pt+2@Os,-6.79600455,-4.38895653,-4.45731197,-2.65344589,-2.32194925,0.853025159,4.194141287,1.0261
Pt+2@Ir,-7.17201722,-4.56281983,-4.77971428,-2.67660106,-2.241140474,0.87120662,3.843609177,0.5555
Pt+2@Pt,-7.68970192,-4.78366157,-5.1698185,-2.73816981,-1.919687505,0.863170449,3.857617355,0.2484
Pt+2@Au,-7.85435728,-4.83986595,-5.21549005,-2.71581572,-1.617628364,0.871086343,3.643906631,-0.1682
